"year","epiweek","mean_temperature","relative_humidity","precipitation","rainy_days_5","rainy_days_10","rainy_days_30","indexP"
2018,3,23.3498862856911,74.5506774275811,4.57737771247461,5,10,NA,3.71959184454506
2018,4,25.3186620803107,69.7224407524085,1.85303075031603,5,10,NA,6.96115888328875
2018,5,22.3895202636719,66.8071358891175,3.09308819814191,5,10,NA,1.63770211329427
2018,6,23.417742120652,76.8783784495848,24.5179769210549,5,10,30,4.30148174474768
2018,7,24.3094054449172,81.7464324526996,5.19666092592767,5,10,30,8.15147487186595
2018,8,23.2623684111096,74.137877773561,2.51558494849805,5,10,30,3.50205154212991
2018,9,22.7797641572498,69.6075708555151,28.0127049950707,2,5,25,2.24466503502118
2018,10,22.1151032947359,78.1914167189827,13.331660308116,4,8,24,2.50962123798254
2018,11,22.1146081107004,86.1877228363801,15.0224306210779,5,10,24,3.61911109289165
2018,12,21.4501699538458,87.0852360503696,14.8961843694456,5,10,24,2.73874218471951
2018,13,23.0761032831101,75.2610879645141,3.67934690012225,5,10,29,3.39983941767315
2018,14,21.8469685872396,75.3226525292374,0.942197273814838,5,10,30,1.93425262460633
2018,15,23.9920084635417,81.1157646797233,0.669991469645008,5,10,30,6.85310541064653
2018,16,22.5116897583008,79.9591017037315,4.71526794511116,5,10,30,3.28147798692958
2018,17,20.6699800763812,77.2764157251098,3.64714627981696,5,10,30,1.21316503895976
2018,18,16.7360153924851,77.6782216793963,22.8032284252248,5,10,30,0.136681351054707
2018,19,12.9544227963402,78.2936670264361,0.695717732321318,5,10,30,0.000678135944756756
2018,20,17.8934944516137,77.9331974679518,7.44450177253479,5,10,30,0.291518592751671
2018,21,12.4847885131836,77.3563644977634,3.13809449877548,5,10,30,2.4401654238546e-05
2018,22,13.0267349243164,77.3004631655663,31.19249369934,5,10,30,0.000857214718076703
2018,23,13.0201823643276,84.0839319720169,3.79190128820491,5,10,30,0.00100676906259008
2018,24,13.7769514537993,90.2705646880757,30.9253437173235,5,10,30,0.0078304811971446
2018,25,14.7031635829381,83.2187365188426,13.2681898092718,5,10,30,0.0252660150824672
2018,26,12.427384585426,85.8543559757818,9.43279301696502,5,10,30,7.33598869717081e-06
2018,27,17.2763076782227,80.7062459666903,37.8878408749443,5,10,30,0.220749659273384
2018,28,14.1767164684478,87.0172354985067,35.5446094081344,5,10,30,0.0138766693014032
2018,29,13.2949677240281,78.57758060933,4.61366377494462,5,10,30,0.00196321640989816
2018,30,12.5616601126535,80.9515124097472,6.57024727975871,5,10,30,7.23277875823468e-05
2018,31,14.8566292172387,81.6446454160773,0.193611587735158,5,10,30,0.0288717682505178
2018,32,12.9211985996792,79.1972716868489,26.1860768614248,5,10,30,0.00061043248624991
2018,33,15.7188085646857,80.4943492450548,39.8648182984379,5,10,30,0.0669422096160131
2018,34,15.9016847882952,82.2841165773714,20.1460271402138,3,8,28,0.083583285544518
2018,35,17.3431578863235,82.179299722177,18.0421432680949,1,4,24,0.243703734961869
2018,36,19.9806722731818,81.6142642367726,2.71756947173193,1,1,18,1.04577245649452
2018,37,21.3352629162017,85.159281999273,38.816504100699,5,8,18,2.38014077214281
2018,38,18.0434458414714,76.7837940781567,18.1504969399005,5,10,18,0.304310147878694
2018,39,20.1101401919411,78.3407743057516,6.47077995982196,5,10,22,0.967761467000716
2018,40,20.221445792062,76.1160661374229,2.8750697147378,5,10,29,0.926879496562068
2018,41,19.9560126168388,74.270273749329,10.2213033525125,5,10,30,0.750636374930896
2018,42,20.2414206368583,77.0919996923239,37.0665510954495,4,9,29,0.977202553853528
2018,43,21.7071348644438,73.4908667869938,0.412083281828401,4,6,26,1.66192185115744
2018,44,24.57154490153,70.6929336205553,11.3000938445396,5,10,26,5.28752571848276
2018,45,21.8087326049805,73.4032259847725,37.6628076000426,5,10,26,1.73472647338648
2018,46,21.7429327101935,77.0585152073347,13.0304879072819,5,10,26,1.99922271855745
2018,47,18.8605554489863,63.3054154192491,1.13555650029321,5,10,30,0.275751142559153
2018,48,26.2173291887556,65.6091094650419,1.70878531343988,5,10,30,8.05330602899023
2018,49,25.3854759579613,78.511746400362,9.20403139328604,5,10,30,11.2365630407433
2018,50,23.8758916219076,75.1417691976939,3.73841912340822,5,10,30,4.86198758838235
2018,51,NA,NA,NA,NA,NA,NA,NA
2018,52,NA,NA,NA,NA,NA,NA,NA
2019,1,26.8971102396647,67.8529151664453,10.8165262247439,NA,NA,NA,11.4073690689715
2019,2,26.416531590053,74.7722850733755,7.60544767278285,5,NA,NA,14.0826404570165
2019,3,25.1229317801339,82.1467640162371,17.8230992338892,5,10,NA,11.9338836049137
2019,4,26.6001972743443,74.0168931514112,1.36170673540429,5,10,NA,14.4014825787185
2019,5,27.7409476143973,69.060017364722,20.6729838584465,5,10,NA,15.7108262567703
2019,6,24.983305140904,69.5064271107756,1.55709253997334,5,10,30,5.95064541391006
2019,7,23.4467261904762,74.6914525303449,19.5407563587651,5,10,30,3.9142183662455
2019,8,26.1756138392857,72.6616852127809,6.41841333682673,5,10,30,11.6360471669278
2019,9,22.2725827171689,73.8642861130025,16.5085772600047,1,6,26,2.1967740676092
2019,10,24.7309189569383,76.9170370192357,37.9741426243546,3,4,23,7.79114672632283
2019,11,22.886972409203,78.9356460911655,6.2279020708426,5,8,23,3.72168751753396
2019,12,20.7718924386161,76.3226876933151,9.7531837660938,5,10,23,1.22039006694729
2019,13,21.4564540318081,76.655339520094,4.66335767282544,5,10,25,1.71485621305853
2019,14,23.3270253499349,81.0373052258527,18.0156388023534,5,10,28,5.03714775502033
2019,15,21.5409790039063,77.8904442681973,1.04036234449604,5,10,30,1.88972608528193
2019,16,20.4736118134998,82.2906190231155,25.2310914323743,5,10,30,1.376998351539
2019,17,21.0877083188012,83.8097474465782,22.7316789126538,5,10,30,1.98867069704346
2019,18,20.8748126075382,85.5292613549994,9.00991811660864,5,10,30,1.93309543059648
2019,19,19.4372188749768,82.74133915218,20.7847482737407,5,10,30,0.830524883311585
2019,20,18.775540015811,82.52564993874,15.5253935092882,5,10,30,0.57801902565776
2019,21,17.636981128511,86.5884653542848,19.9940343663153,5,10,30,0.347869377673892
2019,22,16.9761727469308,87.4884167077291,34.1477679313205,5,10,30,0.231688115610158
2019,23,16.1324696132115,85.157939186146,1.63153524107429,5,10,30,0.112192913557278
2019,24,20.3662131899879,82.4018457912453,0.0519308072159201,5,10,30,1.31206255695688
2019,25,17.7257524036226,79.1375791165079,3.24267277327372,5,10,30,0.276151261527859
2019,26,17.4218772524879,74.7585164700806,11.2671626059115,5,10,30,0.193886081131152
2019,27,9.02677779424761,70.1232574005476,1.20657435297034,5,10,30,0
2019,28,13.1963868640718,83.9760193792794,8.5310737067387,5,10,30,0.0017449931568553
2019,29,14.5873617263068,82.1751192534853,0.314054425155419,5,10,30,0.0211584238365054
2019,30,15.7439710344587,86.5573599286776,26.3806312930039,5,10,30,0.0841099818956715
2019,31,13.7660802932013,76.7191679594781,14.7868658326244,5,10,30,0.00516820096960661
2019,32,16.7715171450661,82.9810285041091,4.35692432523401,5,10,30,0.169824230898429
2019,33,13.947662062872,75.2311098356009,12.3420297818425,5,10,30,0.00680605682913151
2019,34,12.5938725062779,75.0826459373287,0.0768315739110292,5,10,30,8.44892368673e-05
2019,35,18.0382585797991,77.7625596438284,13.439129072367,5,10,30,0.315255837591372
2019,36,15.051418922061,75.9203357090054,6.48122371614098,3,8,28,0.0299616380232084
2019,37,19.1171476091658,81.6560594119899,14.7514114726543,0,3,21,0.670650170947051
2019,38,15.563729495094,78.2078706402052,11.234284242061,3,3,17,0.0538209689364159
2019,39,16.8192622593471,75.7909524892006,0.211802746177843,5,10,17,0.135417345781096
2019,40,20.9229889642625,78.5775136375594,48.6518603574263,5,10,19,1.45299510567244
2019,41,22.7694143386114,74.2029053234419,0.60297463019765,5,10,24,2.80540498347194
2019,42,18.2983798799061,79.9012610340246,43.4658995663995,5,10,30,0.398399656668899
2019,43,19.2508236839658,79.4071670907407,10.0193444635845,5,10,30,0.655153345347809
2019,44,22.9008419218518,81.0446195857403,12.7631107604126,3,8,28,4.1379529706071
2019,45,21.26870480492,82.749266986455,21.2028954159299,4,5,25,2.07047450170352
2019,46,21.390164402553,75.4876490737211,14.0733597012333,5,10,25,1.57442435252566
2019,47,22.6597428821382,71.4306116356778,8.73319529476276,5,10,25,2.32807099635365
2019,48,21.6677606491816,72.0669293874497,22.5410291208641,5,10,25,1.52515945794644
2019,49,21.2255845569429,67.739845993398,13.9032808223618,5,10,30,1.01444634785954
2019,50,24.8476399739584,62.4848949559464,2.61376200519929,5,10,30,3.82955900348714
2019,51,23.1261833554223,67.2927648489469,10.0714341421053,5,10,30,2.33136617191912
2019,52,27.184353129069,58.1195713926068,0.0153836273719676,5,10,30,7.07533885975731
2020,1,25.6395914713542,70.0817401607297,6.44478169442664,NA,NA,NA,8.14162419133064
2020,2,26.2265011742002,67.9833977452986,7.61781159700566,5,NA,NA,9.21492600751571
2020,3,24.6267820812407,68.4986493354524,8.50594695743704,5,10,NA,4.82627518706322
2020,4,24.5282520839146,70.7319962178809,3.66912456834712,5,10,NA,5.19795916295085
2020,5,25.4074231828962,71.1991921555218,6.11822352647569,5,10,NA,7.82109242078928
2020,6,25.97193552653,70.0608666437846,1.78387054287062,5,10,30,9.35700725204383
2020,7,24.62513558524,65.265632578908,5.27848333171714,5,10,30,4.05364169236149
2020,8,26.3885349818639,62.5459085223575,2.93772906619931,5,10,30,7.16165310683096
2020,9,22.2020634969076,65.7288318815658,23.0540259312241,3,8,28,1.42775141752271
2020,10,22.6255003429595,68.3101282318302,0.395024815379822,3,4,24,1.96231805445968
2020,11,26.1393342517671,64.7113669434467,0.06326579644463,5,8,23,7.45830702283937
2020,12,24.0596884591239,73.1308449186777,6.77372052968887,5,10,23,4.77336808393254
2020,13,23.7119708106632,69.0160946382013,0.338171671810272,5,10,23,3.30818133627312
2020,14,23.6001220703125,71.1834886588451,12.0617166108303,5,10,28,3.51708828572536
2020,15,18.612191045852,68.407682601048,10.2383502436965,5,10,30,0.298353978774028
2020,16,18.5790326073056,69.0202294462378,5.03924830698329,5,10,30,0.300511401686138
2020,17,20.4459894089472,72.4305380415285,0.147996015252616,5,10,30,0.876220947077707
2020,18,21.337657456171,63.082255291315,0.395858564970671,5,10,30,0.855793106466567
2020,19,16.1835941859654,70.0792476465127,14.6200920278214,5,10,30,0.0695954855261744
2020,20,17.0149238949731,75.2067497343461,17.8422220521691,5,10,30,0.151522555364311
2020,21,18.1250945318313,75.6116871366252,20.1141919390307,5,10,30,0.304578315344019
2020,22,14.6470544724238,73.7405074924949,4.86264181450746,5,10,30,0.0176170670336254
2020,23,14.2140870593843,80.1547039581639,14.3531718610319,5,10,30,0.0119265143297658
2020,24,16.8629089355469,84.634952230369,16.8844306417289,5,10,30,0.192571170950604
2020,25,16.2622147333055,77.6472740601268,9.3776043757714,5,10,30,0.0958559805678201
2020,26,18.860868980771,72.5981706088316,7.67925057250234,5,10,30,0.402751443091081
2020,27,11.0946590605236,78.1684610089632,23.3477659541739,5,10,30,0
2020,28,12.3201425461542,81.7891587315031,50.8877561963269,5,10,30,0
2020,29,10.6667034330822,81.3266617077871,21.8407650805167,5,10,30,0
2020,30,19.8076554071336,76.4186932905646,0.140804724821919,5,10,30,0.766011256443935
2020,31,11.2076445806594,77.0214680758261,29.4763709247547,5,10,30,0
2020,32,16.900290062314,80.7552358740939,0.733920088987835,5,10,30,0.171555718035265
2020,33,15.4617194039481,82.070625033448,31.0383195889538,5,10,30,0.0555113745005803
2020,34,12.9529855637324,76.0052205121906,7.79184362331931,5,10,30,0.000634919050243558
2020,35,16.0145740327381,76.3020396458553,0.358328907419529,5,10,30,0.0749857841758786
2020,36,15.4369304112026,81.655338485381,14.9741100323505,3,8,28,0.0534526162143281
2020,37,17.0462007795062,88.3522793568917,57.9638281924417,1,4,24,0.251215254071208
2020,38,17.3084070841472,82.5005877385824,48.9212417699794,0,0,17,0.24113057416605
2020,39,15.5070598057338,71.5536571175853,0.037644519771618,5,7,17,0.0411233204727084
2020,40,20.3473268054781,80.3139517128981,24.1326838919728,5,10,17,1.18635264648434
2020,41,16.648940386091,80.0871533352748,20.8952192028894,5,10,21,0.139968182447792
2020,42,17.5391737438384,75.8524166359814,0.888185921469553,5,10,28,0.217297707946757
2020,43,21.5022794451033,75.7809932712987,1.25186324909995,5,10,30,1.6823450463438
2020,44,20.0090819585891,76.3391256320966,13.9617845158379,5,10,30,0.843462596427651
2020,45,17.2871635800316,73.1302471058959,3.15947269957443,1,6,26,0.167653127465913
2020,46,21.3039453415644,81.2288262389057,5.01267091248773,5,8,26,1.9666398531337
2020,47,20.4923249017625,75.6029770436419,5.95516340880901,5,10,26,1.03305320386431
2020,48,22.7518093290783,67.9919965298035,6.62831855931737,5,10,26,2.04374115602792
2020,49,23.6256656465076,76.2095984250666,21.4251447822183,5,10,29,4.57647672813014
2020,50,21.7386122930618,74.2819476909112,7.57639226097008,5,10,30,1.75079949647509
2020,51,24.3062272571382,75.4448145385129,10.0119213232344,5,10,30,5.99060209213983
2020,52,23.5708778744652,66.0073587521231,1.70432211476642,5,10,30,2.65665844729984
2020,53,25.3800109863281,70.6513390679435,1.29612191828225,5,10,30,7.50900457756818
2020,53,25.3800109863281,70.6513390679435,1.29612191828225,5,10,30,4.87230130085502
2021,2,26.0381848289853,63.4376151815706,5.51035425336958,5,10,NA,6.66902587088777
2021,3,23.5369735717774,76.1622664688671,11.7728140015605,5,10,NA,4.38531363007624
2021,4,24.9424733479818,81.8980842872937,20.2254806475442,5,10,NA,10.89306736658
2021,5,24.7366173880441,80.1084145308057,14.6761489583393,5,10,30,9.12887190322106
2021,6,23.2786041259766,74.6676823086226,3.61022499940707,5,10,30,3.6217493251632
2021,7,23.350004359654,76.5427413461854,14.281614494242,5,10,30,4.10267755230007
2021,8,24.241830444336,72.7458695260298,3.85468851360808,5,10,30,5.07818182420762
2021,9,24.1662554786319,81.058862014436,10.7922643223901,2,5,25,7.39624848617169
2021,10,21.9535980951219,77.7804057892207,10.1696967495002,4,7,23,2.28252778172601
2021,11,23.4196353004093,76.4402866816449,5.88530717716177,5,10,23,4.21404045659436
2021,12,23.6715491885231,82.7917469022069,16.2836632311922,5,10,23,6.40671458053944
2021,13,20.8083609444755,80.4410227675344,19.1893076544147,5,10,28,1.49476110513338
2021,14,22.6234000796364,76.9829003977499,0.372070679472832,5,10,30,3.0012270947306
2021,15,22.1786328996931,70.922446906979,0.845231518130873,5,10,30,1.82415601386301
2021,16,20.6971258254279,75.8498821121099,2.33634221053797,5,10,30,1.15256363603888
2021,17,18.0213899884905,71.6766432042306,3.82430229196729,5,10,30,0.246213155829769
2021,18,18.4190827142625,73.0953443327089,10.1798365513079,5,10,30,0.324740541691501
2021,19,14.4714763096401,77.0492001031105,5.64214799507419,5,10,30,0.0155636363921478
2021,20,14.1921216692244,82.5971088301796,10.4962143568438,5,10,30,0.012420463545974
2021,21,14.0696771530878,74.2374970805924,21.2025668030028,5,10,30,0.00805335366969681
2021,22,13.7338217599052,76.350884721723,8.19118080327049,5,10,30,0.00481718923291886
2021,23,16.6956526256743,83.5777421524978,30.2240524009297,5,10,30,0.164244433809334
2021,24,12.375884719122,78.6362318644769,0.403570344307861,5,10,30,0
2021,25,14.9173014322917,85.1467918537125,2.53491839466354,5,10,30,0.0346194740637912
2021,26,10.9498291742234,77.6354012226652,33.3251954535025,5,10,30,0
2021,27,13.0958982921782,87.0935605390258,0.0636223220655078,5,10,30,0.00140756611323421
2021,28,15.6507267543248,83.7378642163938,1.80151814186165,5,10,30,0.0701754109096288
2021,29,10.8825175694057,72.5848805792345,0.13923474344023,5,10,30,0
2021,30,12.1131672450475,70.3275024550352,9.97700592160318,5,10,30,0
2021,31,12.7795759655181,85.0754750541262,0.0884579101854873,5,10,30,0.000376615038812201
2021,32,15.2230555943081,77.8147815068885,8.67744013830674,5,10,30,0.0380990070457215
2021,33,18.1399366106306,82.9511036830077,3.6537092315901,5,10,30,0.410240562794409
2021,34,16.5045555478051,82.2711031462959,37.0851018899634,5,10,30,0.135950821771242
2021,35,18.5677352905274,77.8267686109289,1.19044240200594,4,9,29,0.426115632732744
2021,36,16.9084041050502,79.7403629111164,45.3038857989062,3,6,26,0.166249289651177
2021,37,16.9774119785854,79.2893750404406,23.6817508235328,0,1,19,0.171496397246616
2021,38,18.1415220714751,79.4385015201676,7.55107015432562,5,6,18,0.357504706477813
2021,39,18.5649916149321,84.071415139014,28.6326057077086,5,10,18,0.547434149111371
2021,40,16.315701511928,71.741770346503,2.97659548698862,5,10,20,0.0815003251280634
2021,41,20.0687787010556,81.2876920265746,14.968019353546,5,10,27,1.0777846145306
2021,42,17.2319104149228,72.9587357676153,2.85809919258639,5,10,30,0.16083777744297
2021,43,20.6514286586217,67.6269987760535,7.90977897180722,5,10,30,0.775920852740765
2021,44,23.187634858631,76.1700213394895,2.82100053433965,1,6,26,3.74043245461456
2021,45,18.9942126319522,66.2844670194558,2.01033128831796,5,6,25,0.332611429937685
2021,46,20.9289337158203,69.5223583055984,15.0495584455778,5,10,25,0.962261124793278
2021,47,22.8287891932896,62.9306641320669,11.8193255109003,5,10,25,1.6342244345959
2021,48,21.6867175147647,69.8329047336541,3.32516440494146,5,10,27,1.38269322619542
2021,49,21.4556954520089,67.5875882726907,6.78318022345081,5,10,30,1.11805525146929
2021,50,23.4945439656576,77.2807797440403,31.7583221719412,5,10,30,4.54320182071572
2021,51,23.0223483857655,70.0643208279843,0.554936142925122,5,10,30,2.56215615466708
2021,52,24.792315419515,63.935580634844,0.373459953972125,5,10,30,4.05206515608606
2022,1,23.0498890468053,67.5707101780474,9.37872744938772,NA,NA,NA,2.28567817149476
2022,2,28.1396485101609,61.904039430464,2.07282052615732,5,NA,NA,11.5840531024547
2022,3,29.9295088268462,66.6538839939905,1.49972780583122,5,10,NA,20.4985483522051
2022,4,24.9228825160436,66.4802315833155,12.6144289375354,5,10,NA,4.92706477552732
2022,5,24.7615978422619,70.8819713870843,9.23580405795543,5,10,30,5.80638381173411
2022,6,23.3253890264602,71.4836931630782,5.39178670290615,5,10,30,3.15545756717907
2022,7,24.8741081601098,63.877113199412,2.5004517762568,5,10,30,4.18375802658129
2022,8,26.5919618879046,70.4773562237431,5.61353645670456,5,10,30,11.9206369072399
2022,9,26.2139973231725,74.0038778056774,12.6811775646729,2,5,25,12.6403893362714
2022,10,22.6113972255162,79.9284068503183,13.6951754260129,3,7,23,3.43252682449012
2022,11,21.8426449003674,73.5026558486717,4.91787402788191,5,10,23,1.77052045123088
2022,12,21.1858928135463,74.0814683604434,28.0803007467014,5,10,23,1.33998849030606
2022,13,18.4919714064825,78.42549068214,49.7155185937825,5,10,28,0.418672152496298
2022,14,20.6714768909273,84.551802096855,8.18552567097678,5,10,30,1.67600544053101
2022,15,18.3342209588914,75.2670302083627,1.40565908418466,5,10,30,0.33797465296146
2022,16,19.2032696678525,78.3441132805247,2.38296829292099,5,10,30,0.611263127356425
2022,17,18.8672591436477,81.6939711536596,17.5751541540023,5,10,30,0.58736983746778
2022,18,16.5679921468099,83.4680303463491,13.6660614574104,5,10,30,0.148841154291614
2022,19,15.235003952753,83.1694819041196,17.8170697926513,5,10,30,0.0458794068837432
2022,20,12.9618345714751,83.1280751848995,9.9293451035957,5,10,30,0.000794217209447337
2022,21,16.241590663365,84.3100613170068,18.0275531177661,5,10,30,0.119036501675522
2022,22,12.1407409667969,82.0333854393215,22.9215555678987,5,10,30,0
2022,23,12.260156976609,77.9248889126594,0.862945512965988,5,10,30,0
2022,24,11.8829284667969,82.9633253518063,33.6488558399092,5,10,30,0
2022,25,13.539926147461,89.4771179899743,18.425320941257,5,10,30,0.00476056099939713
2022,26,14.4331004551479,83.7731222251349,12.7040592099548,5,10,30,0.0181466916511964
2022,27,17.9910624186198,78.4754577644479,7.37280445984823,5,10,30,0.315364777836408
2022,28,13.5629011608306,81.8664089199716,30.1550390899289,5,10,30,0.00401145386223177
2022,29,18.2604774111793,86.3346160998478,9.40656637515828,5,10,30,0.503096917183788
2022,30,14.9145955403646,83.5002272479223,4.34347103897418,5,10,30,0.0327392787369469
2022,31,14.6012355986096,85.1458307071747,9.10217596325917,5,10,30,0.0236277580120116
2022,32,15.3694498697917,82.664914533798,17.0992981864065,5,10,30,0.0517154797953804
2022,33,12.1546609787714,77.5154564805258,21.3118041922418,5,10,30,0
2022,35,14.1621959141323,77.7075961275882,4.33156314417597,3,8,28,0.0102660491161338
2022,36,16.4770751953125,76.7285788838484,8.47898595136579,2,5,25,0.109417569256559
2022,37,16.2182040259952,78.6564500387727,6.75864577755192,0,0,18,0.095883136711647
2022,38,15.2121045067197,77.6300062967444,18.5986479428758,5,7,18,0.0374507205272266
2022,39,15.933237420945,77.2374905349443,2.99695279247677,5,10,18,0.0723133878935492
2022,40,16.1946876889184,73.221937427034,29.4654609561557,5,10,21,0.0780738799535774
2022,41,17.9535508655367,79.9010986017872,13.178808239824,5,10,28,0.32612961491886
2022,42,18.8771878923689,81.2927551870968,5.27233645182908,5,10,30,0.580903697137503
2022,43,21.2465650285994,71.9309202278607,15.3858496624271,5,10,30,1.24708994588858
2022,44,16.003060186477,68.3510389520497,2.10549209247546,1,5,25,0.0569507434025125
2022,45,20.268948945545,78.6635884225842,8.4194507884258,5,8,25,1.06153837058322
2022,46,22.911385745094,58.8751888423582,0.252895305743313,5,10,25,1.37364401106302
2022,47,21.4607155936105,74.821788245927,16.8560944311089,5,10,25,1.57760995632047
2022,48,24.3234282720657,79.0365303578891,10.1396913038722,5,10,29,7.20517604618517
2022,49,25.1315878731864,70.0381180802411,1.25233484620679,5,10,30,6.52861100898579
2022,50,21.8849524361747,62.3036718875557,7.23957342235811,5,10,30,1.04841899568501
2022,51,23.5821305047898,65.4326741777617,1.50660761126649,5,10,30,2.59060622044772
2022,52,23.2411961873373,65.1921971854974,30.2670708974802,NA,NA,NA,2.20133925172062
2023,1,23.9545281546457,65.4199260511388,4.84834051750719,NA,NA,NA,3.04947202768855
2023,2,25.2343351091658,67.3127116752731,6.68972641525064,5,NA,NA,5.8966687457798
2023,3,25.5616103399368,74.3655103968755,4.17874372245327,5,10,NA,9.85067339563998
2023,4,27.8698716663179,64.3686224471908,2.55852132193723,5,10,NA,12.4890367235093
2023,5,25.686175827753,70.3719642935162,10.2773557573528,5,10,NA,8.43395346371649
2023,6,25.7859268915086,64.97331672721,1.56575207857657,5,10,30,6.55054785963037
2023,7,24.1433923630488,62.2797286118933,8.15111220682259,5,10,30,2.79652844020024
2023,8,23.3865517025902,76.6683943420316,5.36396691129918,5,10,30,4.19741563482024
2023,9,24.8496058146159,77.4895583733152,12.9999984157223,1,6,26,8.44795761274977
2023,10,25.0258284795852,82.4717780987878,11.2959589818805,3,6,24,11.611262527016
2023,11,26.2752253941127,71.707569542929,0.462641618057091,5,9,24,11.4483320304604
2023,12,24.5804327828544,76.8287512453389,9.7158817940605,5,10,24,7.25483129790035
2023,13,22.1925412859236,72.0127560360884,4.62278369812926,5,10,27,1.93584302372669
2023,14,21.3636802310036,72.1347036248485,0.953473554545781,5,10,30,1.3293768174698
2023,15,22.1090550013951,71.2695342874152,8.05886758635192,5,10,30,1.79725535596498
2023,16,17.8091318766276,69.1774818432031,0.813009153989519,5,10,30,0.198150628253827
2023,17,19.7601130167643,76.9536152463169,10.2373465227856,5,10,30,0.765546586237905
2023,18,20.2146665300642,89.8918221285328,41.10668661815,5,10,30,1.67479214902589
2023,19,15.7816874912807,76.6692004965166,9.79763329620909,5,10,30,0.0622705148969131
2023,20,17.1507085890997,83.0325413652129,0.104571871299604,5,10,30,0.221514935502204
2023,21,19.1820723034087,76.9256357939955,4.61562867815838,5,10,30,0.569689023849013
2023,22,17.0687721615746,78.8243839582222,0.0459354086466135,5,10,30,0.179372694664803
2023,23,17.5065431867327,75.2906025624163,21.6718821580872,5,10,30,0.208490352236667
2023,24,12.2520999726795,79.3295276220049,62.9385868946611,5,10,30,0
2023,25,16.5189082554409,84.7555761629427,11.9886769151805,5,10,30,0.15020305624659
2023,26,16.4175284976051,80.3380001437129,1.26122555460029,5,10,30,0.118800153485259
2023,27,16.8433704194569,84.0337137068375,37.2459451319571,5,10,30,0.185781701032942
2023,28,12.86769837879,84.2909120715148,31.7673488829134,5,10,30,0.000559983382302447
2023,29,15.068508039202,73.8989980634484,1.08706595389663,5,10,30,0.028643381800707
2023,30,14.6322723388672,82.5633880279182,10.2374613413474,5,10,30,0.0226683235953529
2023,31,18.0751982915969,82.3597648589422,0.106158362662256,5,10,30,0.385846018662766
2023,32,15.5038950602214,73.7821850148616,25.8737361473701,5,10,30,0.0440474076877703
2023,33,16.6597694033668,77.5371636349693,2.80040828629069,5,10,30,0.128760918651812
2023,34,14.4642770676386,73.4376123680982,27.2679091337993,5,10,30,0.0138416024540595
2023,35,16.5149191720145,79.7568003402781,7.36273732185773,5,10,30,0.125281646166293
2023,36,16.9700118291946,82.2289574534729,97.2091020276575,3,6,26,0.190069775766012
2023,37,17.7451408749535,74.9510211191994,27.4349941187566,0,1,19,0.23789915961358
2023,38,21.2231242588588,87.1062874087178,41.6037577245637,5,5,17,2.45523335423014
2023,39,16.2527822585333,80.7961997391574,39.3142387921917,5,10,17,0.106180618772666
2023,40,17.4598040626163,80.4449414394787,29.1053311316555,5,10,19,0.246040524071875
2023,41,17.4416090465728,75.94950683428,14.7829000266692,5,10,26,0.205267463176127
2023,42,19.2800780523391,78.195076340308,19.1781959752385,5,10,30,0.632190734175616
2023,43,20.7372677031018,80.0044018793203,10.3846058530124,5,10,30,1.41618970831993
2023,44,18.8318380446661,80.0114177930574,35.9762581922685,1,6,26,0.537813966495475
2023,45,21.831675647554,80.595193272158,26.3744438801533,5,6,25,2.45625132081681
2023,46,21.5311192830404,86.0061267684428,98.6839242720331,5,10,25,2.71588203013484
2023,47,21.0130001976377,71.5672777933409,6.01870007413178,5,10,25,1.09993130055714
2023,48,23.6047952561152,82.5584691507014,12.3348268745787,5,10,27,6.14641441896489
2023,49,21.6058048793248,78.0521580788498,17.8671558226142,5,10,30,1.96307658368885
2023,50,26.7800478980655,75.5098404428015,1.22727528159317,5,10,30,16.4896203298703
2023,51,25.6348801385789,79.034215546517,7.23215942774876,5,10,30,12.8369052391076
2023,52,22.2263635423449,72.5594952680736,14.6401326088365,5,10,30,2.01895971288942
2024,1,23.9895147414435,77.344964305858,5.36871450329575,NA,NA,NA,5.7070095030837
2024,2,25.1228605724517,76.4225992636269,12.7279425687448,5,NA,NA,9.03613015416038
2024,3,24.6735099429176,82.1382214538913,27.7112259451921,5,10,NA,9.77678128471381
2024,4,21.885385131836,73.3378074627562,4.22033450073892,5,10,NA,1.79169192038606
2024,5,24.7697420392718,72.2405955787183,2.43572536375088,5,10,NA,6.25395174177681
2024,6,27.7899475824265,71.6418496457325,1.26341368268908,5,10,30,18.3125163322677
2024,7,24.2016511462984,75.3462278882121,29.5884339921031,5,10,30,5.68801048681781
2024,8,25.0742351713635,75.3410098455961,0.529924838128674,5,10,30,8.37784345600912
2024,9,25.2637217203776,82.7057770509747,16.1289413660294,1,6,26,13.0308705292052
2024,10,22.8860797700428,75.305803555488,9.0785570421635,3,5,24,3.12328450755256
2024,11,25.2151646205357,77.9551582006211,5.94145042119524,5,8,24,10.1519268732061
2024,12,24.2046578543527,73.129880073685,23.116061809669,5,10,24,5.09326785629112
2024,13,23.309587823777,78.1812378278522,1.0443847231271,5,10,26,4.36073922129885
2024,14,22.4346564883278,78.2538405027473,14.7104409858218,5,10,29,2.92139152596334
2024,15,22.0665966942197,85.3760907359713,17.6815250330643,5,10,30,3.41153728175643
2024,16,20.469871593657,77.7568934782527,6.77343821586499,5,10,30,1.12507046762938
2024,17,21.1271570114863,80.7452038922033,21.5677324637606,5,10,30,1.76757402688684
2024,21,16.0258931477865,81.7912938443553,30.4163805473507,5,10,30,0.091344276050507
2024,22,13.8784805297852,84.01607700947,11.0221237321539,5,10,30,0.00780747285812446
2024,23,16.7755556379046,84.0759346951048,2.8698666950507,5,10,30,0.177235772492648
2024,24,19.9890943981353,77.6055838072892,26.0591744012686,5,10,30,0.882651856084976
2024,25,19.7915010724749,85.4839260250952,35.2337782508888,5,10,30,1.12011298552553
2024,26,11.2254595801944,71.5179763084422,20.9069401129464,5,10,30,0
2024,27,11.0595485868908,80.1981824556553,8.33740081395954,5,10,30,0
2024,28,10.3851231892904,83.7379370199774,21.9302550667635,5,10,30,0
2024,29,14.8735286894299,85.3744646884545,3.1170551854179,5,10,30,0.0331556036281639
2024,30,17.4257217407227,85.0626263004434,4.35419935029084,5,10,30,0.286698817483221
2024,31,16.8674233572824,77.7455360096724,15.5011136802633,5,10,30,0.150271717763266
2024,32,14.8778443836031,78.4409404609646,13.5548768119141,5,10,30,0.0267490351663771
2024,33,13.8485253470285,79.6198159009522,1.1510129534326,5,10,30,0.00651464262955124
2024,34,15.4763740176247,79.8596464035828,11.1336045644492,5,10,30,0.0523324471691207
2024,35,15.0706697009859,80.6938574962632,4.4684976327319,5,10,30,0.0355940429181234
2024,36,15.823628452846,81.205511039518,9.62852343780914,4,8,28,0.0752682968234837
2024,37,19.4686072939918,81.5835482832538,12.0839697955345,0,3,21,0.804054101182416
2024,38,19.5345819382441,81.1292389962475,17.801654865243,4,4,18,0.816133452292538
2024,39,20.026137651716,84.6946438029083,30.8547910490683,5,10,18,1.22126583446212
2024,40,18.8293955485026,74.21205038272,6.15010446162264,5,10,20,0.423311888575985
2024,41,19.1983083815802,83.5016905266662,33.6421769802134,5,10,25,0.755934157015939
2024,42,19.6310458228702,79.5447294084822,5.07487544276408,5,10,30,0.801631205720773
2024,43,21.7984866914295,73.2215743932272,5.38748024473061,5,10,30,1.7116491251792
2024,44,23.3482495989119,75.3058415538412,5.62697902671339,3,8,28,3.85808045707608
2024,45,22.2962785266695,78.2459092332194,7.91019022093546,4,5,25,2.73809353888897
2024,46,22.2405861264184,64.8545296162736,5.81635453979246,5,10,25,1.39065293620566
2024,47,20.7659487769717,77.6894721819531,41.7692445084441,5,10,25,1.29439353001605
2024,48,24.769548761277,77.2249970132188,9.5287685914324,5,10,25,8.0476706714583
2024,49,21.3414852323986,69.9328521781401,19.2565577668535,5,10,30,1.18619445494066
2024,50,21.7659237089611,77.293777708283,37.397614076023,5,10,30,2.04325080599885
2024,51,21.6148101080032,78.2879541303362,50.0306137719235,5,10,30,1.99308354373604
2024,52,21.6931280226935,73.4449314716617,12.9252196396455,5,10,30,1.64757427451177
2025,1,23.2204846700033,70.1031570260589,3.94772023855694,NA,NA,NA,2.80670027276109
2025,2,22.6586271740142,68.5262533977533,1.42340637646991,5,NA,NA,2.01342170460969
2025,3,26.0082456316267,69.5060991102215,1.72448445781252,5,10,NA,9.22096232393033
2025,4,25.7814611525763,73.2970472061462,8.9071470563861,5,10,NA,10.2407617825019
2025,5,24.8538630167643,77.0696250816319,8.725205193817,5,10,NA,8.28984611626733
2025,6,27.3498663039435,68.6794543055754,1.17719002205282,5,10,30,13.7365460833471
2025,7,26.5467740740095,75.9176158631322,14.4653527478908,5,10,30,15.5914559277738
2025,8,24.1828050885882,78.0295482328978,15.3179850917896,5,10,30,6.43968153525648
2025,9,28.7039032709031,71.1879309249806,1.3265200966354,3,8,28,22.3317101317662
2025,10,28.0452420189267,63.4017468921334,3.87316864361598,4,5,25,12.3608896983257
2025,11,22.1139367239816,70.2912904015264,1.50823297682715,5,8,24,1.71751115373042
2025,12,23.7556440080915,69.6099729330905,0.653602082002417,5,10,24,3.47845987836156
2025,13,24.9167688278925,74.2157406870657,6.71592687430689,5,10,24,7.38433754366724
2025,14,21.2610445295062,71.3759665991107,21.5074437680869,5,10,28,1.22328511858727
2025,15,20.8634171985445,83.8833402746443,39.2976293102644,5,10,30,1.78856297171371
2025,16,18.9016459147136,78.4178576079423,1.06324213608152,5,10,30,0.522966286225929
2025,17,19.4177610124861,81.2546757454134,2.78841995507643,5,10,30,0.772334530802948
2025,18,17.1354120163691,75.214317603832,1.74956741802864,5,10,30,0.164162350787172
2025,19,20.0153482346308,77.3852891709867,16.3095918712438,5,10,30,0.885655241178855
2025,20,20.0655031476702,76.113537559478,1.33366658344632,5,10,30,0.858675419104572
2025,21,16.9656107584636,80.6350989586929,11.5700679601853,5,10,30,0.178717245821669
2025,22,13.8175049554734,82.5135903447388,66.5117610327274,5,10,30,0.0067046900619047
2025,23,14.5735935756139,86.1398756198013,8.89515436644454,5,10,30,0.0235262229266857
2025,24,12.6987897600447,81.1441494270608,9.33834498727037,5,10,30,0.000214382140670981
2025,25,15.6211813790458,89.8119023999986,60.2551159112181,5,10,30,0.0838669145243551
2025,26,9.97800779796784,74.9133232264833,31.2466433357983,5,10,30,0
2025,27,9.36926058814641,81.060773186547,0.0403591326024374,5,10,30,0
2025,28,12.6984504336403,88.2943175753251,0.599519861112915,5,10,30,0.00025910866081635
2025,29,13.8105124337333,86.5530496768781,10.853122061737,5,10,30,0.00745591583726977
2025,30,14.758081417992,85.5379128270598,21.4032843714532,5,10,30,0.0290667995862433
2025,31,14.3445119222005,79.9691508495079,18.4946876209402,5,10,30,0.014303546146829
2025,32,13.1183624994187,81.2324553797481,11.3190012854716,5,10,30,0.00128386220726465
2025,33,13.7095392136347,81.1676908641879,0.442341778625159,5,10,30,0.00527684082588673
2025,34,16.576918175107,75.5103514825364,20.0896975022715,5,10,30,0.112829171016587
2025,35,16.5201870872861,79.2683938793411,0.00776471425645298,5,10,30,0.123612621400977
2025,36,16.8641354515439,74.8674377732948,22.3262779272725,3,8,28,0.135118089596104
2025,37,15.9999601091658,77.2165302456672,28.4203118155564,0,3,22,0.0764204128973775
2025,38,19.7348302932013,84.5688892826257,45.7061106668964,2,2,17,1.04664824887106
2025,39,15.943628292992,69.7802960021754,20.6561721063987,5,9,17,0.0568650334859486
2025,40,21.0467591785249,80.5033442852252,7.94929055170239,5,10,19,1.68205224001585
2025,41,18.3067431495303,74.0266491750513,12.2095337225285,5,10,23,0.316832889017094
2025,42,18.6413193475633,75.3631803586709,9.72961181836733,5,10,30,0.401366047522961
2025,43,20.4099492390951,67.2949633378108,0.743273934041018,5,10,30,0.683615764324872
2025,44,18.0977289835612,78.5107860364296,27.5635780095627,4,9,29,0.336050600115686
2025,45,18.1982084728423,77.468212880563,31.7331832787507,3,5,25,0.341666070776884
2025,46,21.7652109055292,71.6329304238433,5.636994336682,5,10,25,1.56243171894964
2025,47,19.9624899727958,65.8707543795675,7.25207000673815,5,10,25,0.521063259448817
2025,48,22.2914720081148,70.6836342571156,1.36743726998626,5,10,25,1.89803355603372
2025,49,23.9490135556176,69.4650307547864,3.89309945732712,5,10,30,3.76322765265501
2025,50,23.5769170851935,74.3639478732546,22.6134266193678,5,10,30,4.08538586903761
2025,51,23.9871376400902,68.343788464237,10.952465478906,5,10,30,3.61006100034675
2025,52,26.0113137381418,86.0289526048472,36.0656716414572,5,10,30,20.9151562417427
2025,53,25.8311477661133,72.8798295073012,1.86587295687938,5,10,30,10.2344799682217
